CLASS_A	CLASS_B	CLASS_C	OOS
how do i go about setting up direct deposit	if i would like to set up direct deposit, how do i do it	can you teach me how to set up direct deposit, or show me who can	how much is an overdraft fee for bank
how do i go about setting up direct deposit	if i would like to set up direct deposit, how do i do it	can you teach me how to set up direct deposit, or show me who can	how much is an overdraft fee for bank
how do i go about setting up direct deposit	if i would like to set up direct deposit, how do i do it	can you teach me how to set up direct deposit, or show me who can	how much is an overdraft fee for bank
how do i go about setting up direct deposit	if i would like to set up direct deposit, how do i do it	can you teach me how to set up direct deposit, or show me who can	how much is an overdraft fee for bank
how do i go about setting up direct deposit	if i would like to set up direct deposit, how do i do it	can you teach me how to set up direct deposit, or show me who can	how much is an overdraft fee for bank
how do i go about setting up direct deposit	if i would like to set up direct deposit, how do i do it	can you teach me how to set up direct deposit, or show me who can	how much is an overdraft fee for bank
how do i go about setting up direct deposit	if i would like to set up direct deposit, how do i do it	can you teach me how to set up direct deposit, or show me who can	how much is an overdraft fee for bank
how do i go about setting up direct deposit	if i would like to set up direct deposit, how do i do it	can you teach me how to set up direct deposit, or show me who can	how much is an overdraft fee for bank
how do i go about setting up direct deposit	if i would like to set up direct deposit, how do i do it	can you teach me how to set up direct deposit, or show me who can	how much is an overdraft fee for bank
how do i go about setting up direct deposit	if i would like to set up direct deposit, how do i do it	can you teach me how to set up direct deposit, or show me who can	how much is an overdraft fee for bank
how do i go about setting up direct deposit	if i would like to set up direct deposit, how do i do it	can you teach me how to set up direct deposit, or show me who can	how much is an overdraft fee for bank
how do i go about setting up direct deposit	if i would like to set up direct deposit, how do i do it	can you teach me how to set up direct deposit, or show me who can	how much is an overdraft fee for bank